14191,LEONARDS BLACK PUDDING
69002,BUTCHERY- NON-SPECIFIC
69148,BEAK n SONS PORK RIBS CHINESE BBQ
69272,ORGANIC F/RANGE CHICKEN LIVER VAC PAC
69273,ORGANIC FR CHICKEN MINCE VAC PAC
69280,BBQ PORK RIBS CRAFT BEER
99999,BIRD n BARROW CHKN FR BRST SL TRAYED PK (69423)
99999,BIRD n BARROW CHKN FR TENDERLOINS TRAY (69424)
99999,BIRD n BARROW CHKN FR THIGH FLT SL TRAYD (69425)
99999,BIRD BARROW CHKN FR THGH CUTLT SL TRAYED (69427)
99999,BIRD n BARROW CHICKEN FR MINCE TRAYED PK (69428)
80020,Butchery Spring Lamb Shoulder Chops
80050,Spring Lamb Rack
80154,NZ FREE FARMED PORK SPARE RIBS
80339,NZ BUTTERFLIED CHICKEN
80362,MEAT PACK
80416,NZ HALF CHICKEN EA
80429,Butchery NZ Beef Scotch Fillet 1ea
80437,NZ PRE FROZEN PORK RIBS
80555,BEAK n SONS PORK RIBS HICKORY BBQ
80588,PORK BELLY BONE IN
80621,NZ BEEF WAGYU POINT END BRISKET
80626,NZ BEEF WAGYU SHORT RIB
80638,NZ FREE FARMED PORK LEG ROAST VAC PAC
80639,NZ FREE FARMED PORK SHOULDR RST VAC PAC
81000,NZ BEEF RUMP STEAK
81002,NZ BEEF RUMP STEAK  VAC PAC
81006,NZ BEEF RUMP PIECE
81011,NZ BEEF EYE FILLET STEAK
81013,NZ BEEF EYE FILLET WHOLE
81014,BEEF WELLINGTON 2S
81015,NZ BEEF SIRLOIN STEAK
81016,NZ BEEF SIRLOIN STEAK FAST FRY
81017,BEEF SIRLOIN STEAK MARINATED
81020,NZ BEEF SIRLOIN IN PIECE
81021,NZ BEEF PORTERHOUSE STEAK
81024,NZ BEEF SCOTCH FILLET STEAK
81025,NZ BEEF SCOTCH FILLET FAST FRY
81027,NZ BEEF SCOTCH FILLET IN PIECE
81029,NZ BEEF T BONE STEAK
81030,NZ BEEF SIRLOIN CUTLETS
81032,NZ BEEF SCHNITZEL
81038,Butchery NZ Stir Fry Beef
81039,NZ BEEF DICED
81046,NZ BEEF PREMIUM MINCE
81048,NZ BEEF PRIME MINCE
81053,NZ BEEF BLADE STEAK
81058,NZ BEEF SKIRT STEAK
81059,NZ BEEF CHUCK STEAK
81064,NZ GRAVY BEEF
81066,NZ BEEF SHIN ON BONE
81067,NZ BEEF RIB
81070,NZ BEEF BRISKET
81071,NZ Beef Wing Rib Roast
81072,BEEF STANDING RIB ROAST
81073,NZ BEEF CHEF RIB ROAST
81074,NZ BEEF TOPSIDE ROAST
81075,PURE PORK SAUSAGES
81075,PURE PORK SAUSAGES
81077,NZ BEEF BOLAR ROAST
81079,NZ BEEF ROLLED RIB ROAST PLAIN
81081,NZ BEEF POT ROAST
81087,BF DOG BONES (NOT FOR HUMAN CONSUMPTION)
81088,NZ BEEF SOUP BONES
81090,NZ BEEF CASSEROLE MEAT
81098,NZ BEEF SANDWICH STEAK
81108,NZ BEEF ROAST
81130,NZ ANGUSPURE BF EYE FILLET STEAK
81131,NZ ANGUSPURE BEEF SIRLOIN STEAK
81132,NZ ANGUSPURE SCOTCH FILLET STEAK
81134,NZ ANGUS BEEF SCHNITZEL
81136,NZ ANGUSPURE STIR FRY
81137,NZ ANGUSPURE BEEF DICED
81138,NZ ANGUSPURE BEEF PREMIUM MINCE
81157,NZ LAMB LEG BONELESS RST
81159,NZ LAMB LEG ROAST (BONE IN)
81164,NZ LAMB FOREQUARTER ROAST
81165,NZ LAMB SEMI BONELESS RST
81170,NZ LAMB RACK FRENCHED
81171,NZ LAMB LEG CHOPS
81172,LAMB EASY CARVE ROAST
81173,NZ LAMB LEG STEAKS
81175,NZ LAMB LOIN CHOPS
81183,NZ LAMB SHOULDER CHOPS
81188,NZ LAMB NECK CHOPS
81189,NZ LAMB SHOULDER ROAST BONED/ROLLED
81190,NZ LAMB FORE SHANKS
81192,NZ LAMB SPARE RIBS
81193,NZ LAMB FLAPS
81220,NZ Lamb Premium Rump
81224,NZ PREMIUM LAMB LOIN STK
81227,NZ PREMIUM LAMB RACKS
81228,NZ PREMIUM LAMB EYE FILLET
81229,NZ LAMB PREMIUM DRUMS
81232,NZ LAMB MINCE
81233,NZ Lamb Premium Mini Pan Roast
81235,NZ PREMIUM LAMB CUTLETS
81236,NZ PREMIUM LAMB LOIN RST
81318,PORK SIRLOIN MARINATED
81319,NZ PORK SIRLOIN ROAST
81351,NZ PORK LEG ROAST (BONE IN)
81352,NZ PORK CASSEROLE
81356,NZ PORK SHOULDER ROAST
81358,NZ PORK BONELESS ROAST
81362,NZ PORK MINCE
81368,NZ PORK LOIN CHOPS
81371,Butchery NZ Pork Shoulder Chops
81375,NZ PORK SLICES
81381,NZ PORK HOCKS
81383,NZ PORK CRACKLING
81390,PORK MEATBALLS
81394,PORK PATTIES
81401,NZ PORK EYE FILLET
81402,NZ PORK SCOTCH FLT
81403,NZ PORK MEDALLION STEAK
81404,NZ PORK BUTTERFLY STEAK
81405,NZ PORK SCHNITZEL
81415,NZ PORK SIRLOIN STEAK
81421,CHICKEN ROLLED
81429,NZ CHICKEN LEGS
81434,NZ CHICKEN BREAST SKINLESS
81436,NZ CHICKEN DRUMSTICKS
81441,NZ CHICKEN NIBBLES
81443,NZ CHICKEN THIGHS BONE IN
81447,NZ CHICKEN THIGH FILLET  SKINLESS
81448,NZ CHICKEN THIGH CUTLETS
81450,NZ CHICKEN SCHNITZEL
81451,NZ CHICKEN TENDERLOINS
81452,NZ CHICKEN MINCE
81457,NZ CHICKEN NECKS
81458,NZ CHICKEN BONES
81501,BACON HOCKS
81502,BACON BONES
81520,NZ BEEF HEART
81521,NZ BEEF KIDNEY
81522,NZ BEEF LIVER
81524,NZ BEEF TAILS
81525,NZ BEEF CHEEK
81529,NZ SHEEP HEARTS
81530,NZ SHEEP KIDNEY
81543,Butchery NZ Chicken Livers
81547,NZ CHICKEN GIZZARDS
81622,LAMB PATTIES
81650,NZ BEEF RUMP STEAK (M/B)
81654,BEEF RUMP PIECE (M/B)
81666,NZ BEEF SIRLOIN STEAK (M/B)
81669,NZ BEEF SIRLOIN PIECE (M/B)
81672,NZ BEEF SCOTCH FILLET STEAK (M/B)
81676,NZ BEEF T BONE STEAK (M/B)
81881,CHICKEN FILLED BREAST  (M/B)
81899,CHICKEN WINGS (M/B)
81931,NZ CHICKEN HEARTS
81947,CHICKEN MIGNON   (M/B)
82033,CHICKEN THIGH STEAKS
82132,NZ CHICKEN FILLED BREAST
82135,CHICKEN MIGNON
82136,CHICKEN THIGH STEAKS  SKINLESS
82200,CHICKEN SAUSAGES
82307,NZ CHICKEN MIGNON MULTIBUY   (M/B)
82317,NZ BEEF SHIN MEAT
82391,NZ FREE FARMED PORK SLICES
82393,NZ FREE FARMED PORK SCOTCH FILLET
82398,NZ FREE FARMED PORK LOIN CHOPS
82399,NZ FREE FARMED PORK BELLY ROAST
82485,NZ BEEF SCOTCH FILLET CUTLETS
82489,NZ BEEF SCOTCH FILLET CUTLET (M/B)
82534,MADE IN STORE  SAUSAGES BEEF PREMIUM
82540,MADE IN STORE SAUSAGES CHICKEN PREMIUM
82552,MADE IN STORE SAUSAGES LAMB PREMIUM
82558,MADE IN STORE SAUSAGES PORK PREMIUM
82588,NZ BEEF EYE FILLET STEAK VACPAC
82589,NZ BEEF SCOTCH STEAK VACPAC
82590,NZ BEEF SIRLOIN STEAK VACPAC
82597,LAMB RUMP ROAST VACPAC
82598,LAMB LOIN ROASTS BONELESS VACPAC
82599,LAMB MINI PAN ROASTS VACPAC
82607,BEEF SCOTCH CUTLETS VACPAC
82626,NZ FREE FARMED PORK SHOULDER ROAST
82635,NZ ORGANIC F/RANGE CHICKEN THIGHS SL
82636,NZ FREE FARMED PORK MEDALLION STEAK
82637,NZ FREE FARMED PORK BUTTERFLY STEAK
82702,NZ CHICKEN KEBABS
82708,NZ LAMB LEG BUTTERFLY BONELESS VAC PAC
82712,NZ ORGANIC CHICKEN BUTTERFLY
82718,Butchery Nz Beef Rib Roast
82725,NZ FREE FARMED PORK RIB BONE
82728,NZ BUTTERFLIED LAMB SHOULDER KG
82783,NZ FREE FARMED PORK LOIN
82786,FREE RANGE PORK SCOTCH AND CRACKLE
82787,PORK SPARE RIB
82907,NZ BEEF EYE FILLET WHOLE VAC PACK
83281,CHICKEN HALVES
40197,NZ EAGLE RAY WHOLE
45006,BLUFF SALMON SKIN ON BONE OUT (T/P)
70003,NZ SCALLOPS SHUCKED LARGE
70004,CN FISH FILLETS CRUMBED (FRZ) 10S
70005,VN LARGE WHOLE VANNAMEI PRAWNS RAW(PFRZ)
70006,VN LARGE WHOLE VANNAME PRAWNS RAW (FRZ)
70013,PRAWNS RAW BBQ PACK
70014,PRAWNS COOKED BBQ PACK
70016,REGAL SMOKED SALMON / POTATO CAKE (PFRZ)
70017,RAW FISH SALAD
70018,SURIMI / PEPPER SALAD
70021,REGAL SMOKED SALMON / POTATO CAKE (FRZ)
70022,NZ CRABS PIE CRUST (CANCER) WHOLE RAW
70023,NZ TARAKIHI SKIN ON FILLETS
70024,NZ BLUE MOKI SMOKED (VAC)
70025,NZ SALMON COLD SMOKED (PFRZ)
70026,NZ SALMON COLD SMOKED (FRZ)
70027,FISH CAKES CRUMBED 5S (FRZ)
70029,NZ SALMON KEBAB ONION/CAPSICUM
70032,NZ SALMON WHOLE FRESH WATER
70050,APATU SMOKED NZ ROE
70053,APATU SMKD ROE (VAC)
70054,SMKHOUSE SMKD MACKEREL CAJUN (VAC)
70055,NZ WAREHOU WHITE FILLETS
70056,SMKHOUSE SMKD MACKEREL PEPPERED (VAC)
70059,CALAMARI TUBES STUFFED (T/P)
70080,SMKHOUSE SMKD SALMON (VAC)
70082,AU PRAWNS BANANA WHOLE RAW U20 (FRZ)
70084,NZ TUNA SKIPJACK WHOLE (PFRZ)
70104,BAY SMOKEHOUSE GEMFISH SMOKED (VAC)
70125,NZ SALMON WINGS (COLLARS)
70126,NZ SNAPPER FILLETS (FRZ)
70132,NZ JOHN DORY CRUMBED FILLETS (FRZ)
70137,NZ EEL SMOKED (VAC)
70138,NZ SMOKED SWORDFISH
70142,BLUFF SALMON FILLETS SKIN ON BONE OUT
70148,NZ KINGFISH HEADS
70153,NZ SNAPPER SKIN ON FILLET
70154,NZ FISH OFFCUTS
70157,REGAL CAKE THAI SALMON AND POTATO (PFRZ)
70159,NZ FISH ROE SMOKED (VAC)
70160,NZ FISH ROE SMOKED (T/P)
70161,REGAL CAKE THAI SALMON AND POTATO (FRZ)
70163,CA LOBSTER TAIL RAW (PFRZ) EA
70164,CA LOBSTER TAIL RAW (FRZ) EA
70174,IE CRAB BROWN WHOLE COOKED (PFRZ)
70175,VN PRAWN SKEWER SWEET CHILLI (FRZ)
70176,VN PRAWN SKEWER GARLIC (FRZ)
70177,AU PRAWNS KING WHOLE RAW XL (FRZ)
70179,NZ FLOUNDER YELLOW BELLY GUTTED (T/P)
70182,PRAWN SALAD AIOLI KG
70184,PRAWN SALAD SWEET CHILI
70189,NZ SOLE LEMON GUTTED (PFRZ)
70190,NZ SOLE S/B FILLETS
70191,NZ TUNA BIGEYE WHOLE
70192,NZ LOOKDOWN DORY WHOLE
70193,NZ TUNA ALBACORE HEADED/GUTTED
70194,NZ TUNA BIGEYE HEADED/GUTTED
70195,NZ BLUE MOKI HEADED/GUTTED
70196,NZ BROWN STARGAZER WHOLE
70199,NZ ELEPHANT FISH DRESSED
70201,NZ GHOST SHARK DRESSED
70203,NZ MONKFISH (STARGAZER) DRESSED
70205,NZ HAKE HEADED/GUTTED
70206,NZ KINGFISH HEADED/GUTTED
70207,NZ LING HEADED/GUTTED
70208,NZ MIRROR DORY DRESSED
70209,NZ MOONFISH WHOLE
70210,NZ NORTHERN BASTARD COD WHOLE
70211,NZ GURNARD (RED) FILLETS (T/P)
70212,NZ PALE GHOST SHARK DRESSED
70213,NZ RIBALDO DRESSED
70214,NZ SCHOOL SHARK DRESSED
70215,NZ SMOOTH OREO WHOLE
70217,NZ SMOOTH SKATE SKIN ON WINGS
70218,NZ SOWFISH WHOLE
70219,NZ HAKE FILLETS (T/P)
70220,NZ SPIKY OREO WHOLE
70221,NZ SPOTTED STARGAZER DRESSED
70222,NZ SWORDFISH HEADED/GUTTED
70223,NZ WHITE WAREHOU WHOLE
70224,NZ TUNA YELLOWFIN HEADED/GUTTED
70228,SMKHOUSE JERK SRN KINGFISH (VAC)
70229,SMKHOUSE SMKD WAREHOU SILVER (VAC)
70233,NZ GREY MULLET S/B FILLETS
70236,NZ WHITING BATTERED FILLETS (FRZ)
70237,NZ HAPUKU (GROPER) STEAKS (T/P)
70243,CN GOLDEN POMPANO WHOLE (PFRZ) EA
70245,NZ HOKI FILLETS (T/P)
70249,FUTURE CUISINE HOKI SMOKED (VAC)
70250,NZ HOKI SMOKED (T/P)
70256,NZ MUSSEL SALAD
70257,CN SQUID (CALAMARI) RINGS (PFRZ)
70262,Seafood Smoked Kahawai Fillets
70267,NZ HOKI DRESSED
70270,NZ SOLE LEMON GUTTED (FRZ)
70276,NZ TARAKIHI FILLETS (FRZ)
70279,NZ FLOUNDER YELLOW BELLY GUTTED (FRZ)
70280,NZ SKATE WHOLE
70282,NZ BLUENOSE HEADED AND GUTTED
70285,NZ CONGER EEL STEAKS (PFRZ)
70286,SMKHOUSE SMKD SRN KINGFISH (VAC)
70293,NZ BLACK OREO WHOLE
70294,PE SCALLOPS SHUCKED (FRZ)
70296,NZ SOLE ENGLISH GUTTED (FRZ)
70298,NZ LEMON FISH (RIG) FILLETS (T/P)
70304,NZ SALMON FRAMES
70313,APATU SMKD NZ MACKEREL (VAC)
70322,REGAL SALMON MANUKA HONEY SOY GLAZE EA
70353,NZ SCAMPI WHOLE (PFRZ)
70357,AU PRAWNS KING WHOLE RAW JUMBO (PFRZ)
70361,CREAMY GARLIC PRAWN AND MUSSEL SALAD
70388,TASMANIAN SALMON FILLET SKIN ON BONE IN
70389,TASMANIAN SLMN FILL SKIN ON BONE IN(T/P)
70391,NR SALMON TAIL FILLETS (PRFZ)
70392,NR SALMON TAIL FILLETS (FRZ)
70399,FJ MAHI MAHI WHOLE
70401,NZ GEMFISH FILLETS SKIN OFF
70403,NZ SMOKED SWORDFISH (VAC)
70407,NZ SALMON HEADS FRZ
70408,NZ SALMON ROE
70412,MG WHOLE OCTOPUS (PRFZ)
70413,MG WHOLE OCTOPUS (FRZ)
70414,MG WHOLE LARGE MUD CRAB (PRFZ)
70415,MG WHOLE LARGE MUD CRAB (FRZ)
70416,MG WHOLE EXTRA LARGE MUD CRAB (PRFZ)
70417,MG WHOLE EXTRA LARGE MUD CRAB (FRZ)
70418,MG CUT MUD CRAB (PRFZ)
70419,MG CUT MUD CRAB (FRZ)
70420,MG CUT MUD CRAB LARGE (PRFZ)
70421,MG CUT MUD CRAB LARGE FRZ KG
70422,NZ WHITE BAIT SOUTH ISLAND 250G (PRFZ)
70423,NZ PAUA WHOLE (FRZ)
70424,NZ PAUA WHOLE (PRFZ)
70426,POHUTUKAWA HOT SMKD SALMON FLT BONE OUT
70433,NZ RUAKAKA FARMED KINGFISH FILLETS
70434,NZ RUAKAKA FARMED KINGFISH FILLETS (T/P)
70435,NZ RUAKAKA FARMED KINGFISH WHOLE
70441,NZ MANUKA SMOKED KAHAWAI
70442,NZ MANUKA SMOKED KAHAWAI (T/P)
70443,LEE FISH PREMIUM WHOLE SNAPPER
70444,LEE FISH LINE CAUGHT WHOLE TARAKIHI
70445,LEE FISH WHOLE TREVALLY  LINE CAUGHT
70446,LEE FISH LINE CAUGHT WHOLE KAHAWAI
70447,LEE FISH PREMIUM WHL SNAPPER GILED/GUTED
70448,LEE FISH PREMIUM SNAPPER FILLET SKIN ON
70449,LEE FISH PREMIUM TARAKIHI FILLET SKIN ON
70450,LEE FISH PREMIUM TREVALLY FILLET SKIN ON
70451,LEE FISH PREMIUM BLUEFIN TUNA LOINS
70452,LEE FISH PREMIUM SWORDFISH LOINS
70453,LEE FISH PREMIUM GURNARD FILLETS SKIN ON
70454,LEE FISH LINE CAUGHT WHOLE GURNARD
70455,LEE FISH LC YELLOW BELLY FLOUNDER GUTTED
70456,LEE FISH LINE CAUGHT WHOLE BLUE COD
70457,LEE FISH LINE CAUGHT WHOLE ALFONSINO
70458,LEE FISH LINE CAUGHT WHOLE BLUE MACKERAL
70459,LEE FISH LINE CAUGHT WHOLE BLUENOSE
70460,LEE FISH LINE CAUGHT WHOLE CONGER EEL
70461,LEE FISH LINE CAUGHT WHOLE ENG MACKERAL
70462,LEE FISH LINE CAUGHT YLWBELLY FLND GUTTD
70463,LEE FISH LINE CAUGHT WHOLE FROSTFISH
70464,LEE FISH LINE CAUGHT WHOLE HAPUKA
70465,LEE FISH LINE CAUGHT WHOLE JOHN DORY
70466,LEE FISH LINE CAUGHT WHOLE KINGFISH
70467,LEE FISH LINE CAUGHT WHOLE KNG TARAKIHI
70468,LEE FISH LINE CAUGHT WHOLE LING
70469,LEE FISH LINE CAUGHT WHOLE PINK MAOMAO
70470,LEE FISH LINE CAUGHT WHOLE PORAE
70471,LEE FISH LINE CAUGHT WHOLE RUBY FISH
70472,LEE FISH LINE CGHT WHL SCORPION FISH
70473,LEE FISH PREMIUM WHOLE RED SNAPPER
70474,LEE FISH LINE CAUGHT WHOLE SOUTHERN COD
70475,LEE FISH LINE CAUGHT WHOLE SCHOOL SHARK
70476,LEE FISH LINE CAUGHT WHOLE GEMFISH
70477,LEE FISH LINE CAUGHT WHOLE RIG
70478,LEE FISH LINE CAUGHT WHOLE SEA PERCH
70479,LEE FISH LINE CAUGHT WHOLE ALBACORE
70480,LEE FISH LINE CAUGHT WHOLE MOONFISH
70481,LEE FISH PREMIUM HAPUKA FILLETS SKIN ON
70482,LEE FISH PREMIUM JOHN DORY FILLETS  S/ON
70483,LEE FISH PREMIUM KINGFISH FILLETS  S/ON
70484,LEE FISH PREMIUM KING TARAKIHI FLTS S/ON
70485,LEE FISH PREMIUM LING FLTS SKINNED/BONED
70486,LEE FISH PREMIUM GEMFISH FILLETS SKIN ON
70487,LEE FISH PREMIUM RIG FLTS SKINNED/BONNED
70488,LEE FISH PREMIUM MAKO SHARK LOINS
70489,LEE FISH PREMIUM MOONFISH LOINS
70490,LEE FISH PREMIUM BIGEYE TUNA LOINS
70491,LEE FISH PREMIUM SKIPJACK TUNA LOINS
70492,LEE FISH PREMIUM YELLOWFIN TUNA LOINS
70493,LEE FISH PREMIUM ALBACORE TUNA LOINS
70496,NZ SOUTHERN BASTARD COD FILLETS
70497,NZ SOUTHERN BASTARD COD WHOLE
70498,LEE FISH LIVE LOBSTER
70499,NZ ORANGE ROUGHY FILLETS (FRZ)
70500,NZ ORANGE ROUGHY FILLETS (PRFZ)
70501,NZ SOUTHERN KINGFISH WHOLE
70502,NZ SOUTHERN KINGFISH HEADED / GUTTED
70503,NZ SOUTHERN KINGFISH SKINNED / BONED
70504,NZ SALMON BELLY (FRZ)
70505,LEE FISH PREMIUM PORAE FLTS S/ON B/OUT
70506,NZ SALMON WINGS (FRZ)
70507,NZ TREVALLY FILLETS (VAC)
70508,PRME HOT SMD PERIPERI SLM PRTS 150G-250G
70509,PRME HOT SMD CRK/PEPR SLM PRTS 150G-250G
70510,PRIME HOT SMD TRD SALMON PRTS 150G-250G
70511,NZ GURNARD (RED) FILLETS (PRFZ)
70512,NZ BLUE MACKEREL FILLETS SKIN ON BONE IN
70513,AU SCALLOPS SHUCKED (FRZ)
70514,LEE FISH LIVE PACKHORSE LOBSTER KG
70515,LEE FISH PREMIUM GLD/GTD WHL SNAPPER EA
70516,AU PRAWNS KING WHL CKD LARGE (PFRZ T/P)
70520,PRAWNS WHOLE RAW (PFRZ)
70524,VN PRAWNS VANNAMEI WHOLE RAW (FRZ)
70525,CHATHAM ISLAND KINA POT 150G
70536,AU PRAWNS KING WHL RAW LARGE (FRZ)
70544,CN PRAWNS VANNAMEI WHOLE CKD (PFRZ T/P)
70546,MY PRAWNS VANNAMEI WHOLE CKD (PFRZ T/P)
70549,MY PRAWNS BLACK TIGER WHOLE CKD (FRZ)
70550,MY PRAWNS BLACK TIGER WHOLE CKD (PRFZ)
70551,ED PRAWNS VANNAMEI WHOLE RAW (FRZ)
70553,ED PRAWNS VANNAMEI WHOLE RAW (PRFZ)
70554,CN WHOLE SARDINES (PRFZ)
70555,CN WHOLE SARDINES (FRZ)
70556,ID WHOLE OCTOPUS (PRFZ)
70557,ID WHOLE OCTOPUS (FRZ)
70558,MY PRAWNS BLACK TIGER WHOLE RAW (FRZ)
70559,MY PRAWNS BLACK TIGER WHOLE RAW (PRFZ)
70617,NZ RED COD FILLETS (T/P)
70620,MG LOBSTER TAIL XL (FRZ)
70621,MG LOBSTER TAIL XL (PRFZ)
70636,BAY SMOKEHOUSE RUBYFISH FIL SMOKED (VAC)
70647,BLUFF SALMON FILLT SKIN ON BONE IN (T/P)
70648,BR LOBSTER TAIL RAW (FRZ)
70649,BR LOBSTER TAIL RAW (PRFZ)
70651,NZ SALMON FILLETS CRANBERRY / HERB (T/P)
70660,CANDO KINA 150G
70662,NZ SPOTTED GURNARD FILLETS (VAC)
70663,NZ WHOLE WRASSE
70664,LEE FISH MAKO DRESSED
70665,LEE FISH WHOLE OILFISH
70666,NZ SALMON KEBAB PLAIN (T/P)
70667,NZ MULLET GREY SMOKED (VAC)
70668,NZKS SLMN S/ON B/OUT PORTION (VAC)
70669,NZ HAMMERHEAD LOINS
70670,NZ SALMON MIGNON PLAIN (T/P)
70679,NZ SALMON PORTION HOT SMOKED (VAC)
70681,NZ SALMON PORTION SMOKED TOMATO/HERB EA
70685,REGAL SALMON WOODRSTD SIDE PLAIN
70687,REGAL SALMON WOODRSTD SIDE PEP/SPICES
70693,NZ SALMON STEAKS FRZ
70695,NZ SALMON STEAKS (T/P)
70720,NZ SCALLOPS SHUCKED (T/P)
70757,SHRIMP SURIMI SALAD PACK
70770,NZ HAMMERHEAD LOINS (T/P)
70775,NZ SNAPPER FILLETS (T/P)
70779,NZ SNAPPER STEAKS (T/P)
70780,NZ BUTTERFLY TUNA LOINS
70781,NZ BUTTERFLY TUNA LOINS (T/P)
70782,NZ BUTTERFLY TUNA WHOLE
70786,NZ SALMON MIGNON WITH PESTO
70787,NZ SALMON MIGNON W/ PESTO (T/P)
70788,NZ SALMON MIGNON FLAVOURED
70789,NZ SNAPPER HEADS (T/P)
70790,NZ SALMON MIGNON FLAVOURED (T/P)
70791,SALMON PESTO PASTA SALAD
70792,SALMON PESTO PASTA SALAD (T/P)
70798,NZ MANTIS SHRIMP (FRZ)
70799,NZ MANTIS SHRIMP (PRFZ)
70800,NZ FRESH MANTIS SHRIMP
70802,NZ BROADBILL SMOKED (VAC)
70820,SURIMI SALAD MIX (PFRZ T/P)
70824,SURIMI NUGGETS BATTERED (PFRZ T/P)
70830,NZ TARAKIHI FILLETS (T/P)
70831,FUTURE CUISINE TARAKIHI SMOKED (VAC)
70844,NZ SMOOTH DORY FILLETS (FRZ)
70845,NZ SMOOTH DORY FILLETS (PRFZ)
70849,BAY SMOKEHOUSE TREVALLY SMOKED (VAC)
70851,NZ WHOLE SALMON GILLED AND GUTTED PFRZ
70852,NZ WHOLE SALMON GILLED AND GUTTED FRZ
70855,NZ SALMON FILLETS SKIN ON BONE OUT(PFRZ)
70856,NZ SALMON FILLETS SKIN ON BONE OUT (FRZ)
70858,NZ SALMON WINGS (PRFZ)
70859,NZ SALMON BELLY (PRFZ)
70860,REGAL MANUKA HONEY AND SOY GLAZE SALMON
70861,NZ WHOLE TARAKIHI FRZ
70862,NZ WHOLE TARAKIHI PRFZ
70863,NZ FRESH SALMON BELLY
70867,TN SWIMMING CRAB CLUSTERS (FRZ)
70868,TN SWIMMING CRAB CLUSTERS (PRFZ)
70869,AR PRAWNS RED SHRIMP (FRZ)
70870,AR PRAWNS RED SHRIMP (PRFZ)
70871,AR PRAWNS RED WHOLE RAW EA (FRZ)
70872,AR PRAWNS RED WHL RAW EA (PRFZ)
70873,HOKI LOINS (FRZ)
70874,HOKI LOINS (PFRZ)
70875,CRUMBED HOKI FILLETS BITES (FRZ)
70876,THE SMOKEHOUSE SMKD SNAPPER PLAIN
70877,NZ WAREHOU SMOKED FILLETS (T/P)
70878,LOBSTER ROLL EA
70879,PRAWN ROLL EA
70880,AR RED WHOLE HEADLESS RAW PRAWNS (FRZ)
70881,AR RED WHOLE HEADLESS RAW PRAWNS (PRFZ)
70883,NZ MIRROR DORY SKIN OFF FILLETS
70898,NZ WAREHOU SILVER FILLETS (T/P)
70902,SMKHOUSE SMKD WAREHOU BLUE (VAC)
70913,TUNA YELLOWFIN LOIN (PACIFIC ISLANDS)
70925,NZ SALMON SMOKED PORTION REDWINE/GARLIC
71589,Seafood Scallop & Bacon Kebabs 1ea
72001,NZ ABALONE (PAUA) WHOLE
72003,NZ ALFONSINO FILLETS
72008,NZ BARRACOUTA FILLETS
72013,NZ BLUE COD HEADED / GUTTED
72014,NZ BLUE COD FILLETS
72020,NZ BLUE MOKI FILLETS
72021,NZ BLUE MOKI FILLETS WITH SAUCE
72028,NZ BLUENOSE FILLETS
72031,NZ BLUENOSE STEAKS
72035,NZ BLUENOSE WINGS
72036,NZ BRILL FILLETS
72038,NZ BRILL WHOLE
72041,NZ SWORDFISH LOINS
72045,FJ BROADBILL STEAKS
72049,NZ BROWN STARGAZER FILLETS
72052,NZ BUTTERFISH FILLETS
72060,CALAMARI TUBES STUFFED
72062,NZ CARDINAL FISH FILLETS
72097,NZ CRAYFISH RAW FRZ
72098,NZ CRAYFISH WHOLE COOKED (PRFZ)
72099,AU CRAYFISH WHOLE COOKED (PFRZ)
72104,LEE WHOLE COOKED CRAYFISH
72120,NZ FISH WINGS
72122,NZ LEATHER JACKET (CREAMFISH) DRESSED
72124,NZ DEEP SEA COD FILLETS
72128,CRUMBED DEEP SEA DORY FILLETS (PFRZ)
72129,NZ LOOKDOWN DORY FILLETS
72132,NZ EEL SMOKED
72133,NZ CONGER EEL STEAKS
72141,NZ ELEPHANT FISH FILLETS
72150,NZ SNAPPER HEADS
72152,NZ FISH ROE
72154,NZ FISH TRIMMINGS (VARIOUS SPECIES)
72155,NZ SCHOOL SHARK (FLAKE) FILLETS
72156,NZ SCHOOL SHARK (FLAKE) STEAKS
72161,NZ FLOUNDER FRESHWATER (BLACK) GUTTED
72169,NZ FLOUNDER SAND WITH SAUCE
72174,NZ FLOUNDER YELLOW BELLY GUTTED (PRFZ)
72176,NZ FROST FISH PIECES
72179,NZ SOUTHERN KINGFISH FILLETS
72187,NZ RAW MUSSELS MEAT (FRZ)
72200,NZ GREENSHELL MUSSELS WITH SAUCE
72201,NZ GRENADIER (RATTAIL) FILLETS
72204,Seafood Fresh Red Gurnard Fillets
72207,NZ GURNARD FILLETS WITH SAUCE
72209,NZ SPOTTED GURNARD FILLETS
72212,NZ HAKE FILLETS
72213,NZ HAKE (WHITING) FILLETS SMOKED
72219,NZ HAPUKU (GROPER) HEADED / GUTTED
72220,NZ HAPUKU (GROPER) FILLETS
72230,NZ HAPUKU (GROPER) STEAKS
72234,NZ HAPUKU (GROPER) WINGS
72236,NZ HAPUKU STEAKS WITH SAUCE
72238,NZ HOKI FILLETS
72239,NZ HOKI PIECES
72241,NZ HOKI FILLETS SKIN-ON
72245,NZ HOKI FILLETS CRUMBED (PFRZ)
72246,NZ HOKI FILLETS KIPPERED (PFRZ)
72247,NZ HOKI FILLETS WITH SAUCE
72249,Seafood John Dory Fillets
72252,NZ KAHAWAI SMOKED
72253,NZ KAHAWAI FILLETS
72254,NZ KAHAWAI FILLETS SMOKED
72256,NZ KAHAWAI STEAKS
72265,KINA (SEA URCHIN) 150G
72269,NZ KING TARAKIHI FILLETS
72271,NZ TARAKIHI WHOLE
72274,NZ KINGFISH FILLETS
72276,NZ KINGFISH WHOLE
72277,APATU SMKD NZ KINGFISH FLT (VAC)
72278,NZ KINGFISH STEAKS
72288,NZ LEMON FISH (RIG) FILLETS
72291,NZ LING FILLETS
72296,CA LOBSTER WHOLE COOKED (FRZ) EA
72303,SMKHOUSE SMKD MACKEREL (VAC)
72308,FJ MAHI MAHI LOIN
72310,NZ MAKO FILLETS
72311,NZ MAKO SMOKED
72312,NZ MAKO STEAKS
72314,MARINATED RAW FISH
72316,FJ MARLIN BLUE LOIN
72321,NZ MIRROR DORY SKIN-ON FILLETS
72325,NZ MONKFISH (STARGAZER) FILLETS
72331,NZ MONKFISH (STARGAZER) STEAKS
72335,NZ MONKFISH FILLETS WITH SAUCE
72337,NZ MOONFISH (OPAH) FILLETS
72342,NZ MULLET GREY SMOKED
72353,NZ MUSSEL FRITTERS (FRZ)
72357,Seafood NZ Orange Roughy Fillets
72360,OYSTERS BLUFF 1ST GRADE 1DOZ
72371,NZ OYSTERS PACIFIC 1/2 SHELL 12S (PFRZ)
72372,NZ OYSTERS PACIFIC 1/2 SHELL 6S
72373,NZ OYSTERS PACIFIC 1/2 SHELL 6S (PFRZ)
72380,NZ PARORE (BLACK SNAPPER) FILLETS
72382,NZ PARORE (BLACK SNAPPER) WHOLE
72387,NZ PEARL (GHOST SHARK) FILLETS
72391,NZ PILCHARD (SARDINE) WHOLE
72399,NZ PORAE FILLETS
72403,CN PRAWN CUTLETS COOKED (PFRZ)
72407,TH PRAWN CUTLETS COOKED (PFRZ)
72427,CN PRAWN CUTLETS RAW (PFRZ)
72431,TH PRAWN CUTLETS RAW (PFRZ)
72432,VN PRAWN CUTLETS RAW (PFRZ)
72451,Seafood Garlic Prawns (Frozen) 1ea
72453,CN PRAWN KEBABS PLAIN (PFRZ)
72455,MY PRAWN KEBABS PLAIN (PFRZ)
72456,TH PRAWN KEBABS PLAIN (PFRZ)
72457,VN PRAWN KEBABS PLAIN (PFRZ)
72458,VN PRAWN SKEWER SWEET CHILLI (PRFZ)
72483,CN PRAWN MEAT RAW (PFRZ)
72487,TH PRAWN MEAT RAW (PFRZ)
72509,AU PRAWNS KING WHOLE COOKED LARGE (PFRZ)
72511,AU PRAWNS BANANA WHOLE RAW (PFRZ)
72513,CN PRAWNS VANNAMEI WHOLE RAW (PFRZ)
72515,MY PRAWNS VANNAMEI WHOLE RAW (PFRZ)
72516,TH PRAWNS VANNAMEI WHOLE RAW (PRFZ)
72524,AR PRAWNS RED WHOLE RAW PFRZ
72529,AU PRAWNS KING WHOLE RAW XL (PFRZ)
72533,AU PRAWNS KING WHOLE RAW LARGE (PFRZ)
72537,CN PRAWNS VANNAMEI WHOLE CKD (PFRZ)
72539,MY PRAWNS VANNAMEI WHOLE CKD (PFRZ)
72540,TH PRAWNS VANNAMEI WHOLE CKD (PFRZ)
72541,VN PRAWNS VANNAMEI WHOLE CKD (PFRZ)
72604,NZ RAYS BREAM FILLETS
72610,NZ RED COD FILLETS
72611,NZ RED COD FILLETS WITH SAUCE
72614,NZ RED COD HEADED / GUTTED
72622,NZ RED SNAPPER FILLETS
72625,NZ RICHARDSONS BOARFISH FILLETS
72628,NZ RUBY FISH FILLETS
72629,NZ RUBY FISH SMOKED
72635,BLUFF SALMON CUTLETS
72639,BLUFF SALMON FILLET SKIN ON BONE IN
72641,BLUFF SALMON FILLETS SKINNED / BONED
72643,NZ SALMON FILLETS CRANBERRY / HERB
72644,AORAKI SALMON SKIN ON BONE IN FILLETS
72645,REGAL SALMON FILLET SKIN ON BONE OUT
72647,NZ SALMON FILLETS WITH SAUCE
72649,SALMON FINS
72650,NZ SALMON FRAMES (T/P)
72654,NZ SALMON KEBAB CHILLI / LIME
72656,NZ SALMON KEBAB MILD WASABI / LIME
72657,NZ SALMON KEBAB PLAIN
72659,NZ SALMON KEBAB TANDORI
72660,NZ SALMON KEBAB TERIYAKI
72661,NZ SALMON MIGNON PLAIN
72663,NZ SALMON ROE (FRZ)
72665,REGAL SALMON FILLETS SKINNED / BONED
72669,NZ SALMON SMOKED PORTION TOMATO / HERB
72674,NZ SALMON STEAKS
72675,NZ SALMON FRESH WATER STEAKS
72679,NZ SALMON STEAKS PRFZ
72694,NZ SCALLOPS SHUCKED (PFRZ)
72698,AU SCALLOPS SHUCKED (PFRZ)
72708,NZ SCALLOPS SHUCKED
72733,NZ SEA PERCH FILLETS
72737,SEAFOOD COCKTAIL SALAD
72738,SEAFOOD MARINARA MIX (CHUNKY) (PFRZ)
72741,CN SEASONED SEAWEED SALAD (PFRZ T/P)
72742,Seafood Shrimp Surimi Salad
72743,TH SHRIMPS ALL PURPOSE (PFRZ)
72746,NZ SILVER (PINK-FINNED) DORY FILLETS
72751,NZ SKATE WINGS
72753,MADE IN STORE - SALMON DIP
72758,Seafood Fresh Snapper Fillets
72761,NZ SNAPPER STEAKS
72765,NZ SNAPPER DRESSED WITH SAUCE
72767,NZ SNAPPER FILLETS WITH SAUCE
72769,NZ SNAPPER GILLED / GUTTED WITH SAUCE
72777,NZ SOLE LEMON FILLETS
72786,CN SQUID (CALAMARI) TUBES (PFRZ)
72801,S/M SURIMI SALAD MIX (PFRZ)
72802,SURIMI SALAD MIX (PFRZ)
72806,SURIMI NUGGETS BATTERED (PFRZ)
72809,Seafood Fresh Tarakihi Fillets
72811,NZ TARAKIHI STEAKS
72815,NZ TARAKIHI CRUMBED FILLETS (PFRZ)
72816,NZ TARAKIHI FILLETS WITH SAUCE
72820,NZ TREVALLY FILLETS
72821,NZ TREVALLY STEAKS
72825,NZ TREVALLY FILLETS WITH SAUCE
72827,NZ TREVALLY FILLETS SMOKED
72828,NZ TRUMPETER FILLETS
72832,FJ TUNA PACIFIC ALBACORE LOIN
72833,NZ TUNA ALBACORE LOIN
72834,FJ TUNA YELLOWFIN STEAKS
72835,NZ TUNA YELLOWFIN STEAKS
72840,LK TUNA YELLOWFIN LOIN (PFRZ)
72841,Seafood Yellowfin Loin Tuna
72842,NZ TUNA BIG EYE LOIN
72843,SB TUNA YELLOWFIN LOIN
72844,FJ TUNA YELLOWFIN LOIN (T/P)
72845,FJ FRESH TUNA BELLY
72864,NZ TURBOT FILLETS
72866,NZ TURBOT GUTTED
72868,NZ WAREHOU BLUE (COMMON) FILLETS
72871,NZ WAREHOU SILVER FILLETS
72882,NZ WHITEBAIT NORTH ISLAND
72883,NZ WHITEBAIT SOUTH ISLAND
72888,NZ GURNARD (RED) SKIN-ON FILLETS
72889,NZ HOKI FILLETS (PFRZ)
72988,NZ SOWFISH FILLETS
72989,NZ SPIKY OREO FILLETS
72990,NZ SNAPPER FILLETS (VAC)
72991,NZ TARAKIHI FILLETS (VAC)
72992,NZ BLACK OREO FILLETS
72993,NZ BLUEFIN TUNA LOINS
72994,NZ BLUEFIN TUNA WHOLE
72995,NZ BIG SCALE POMFRET WHOLE
72996,NZ ALFONSINO FILLETS (FRZ)
72998,NZ GURNARD (RED) FILLETS VAC
72999,NZ SMOOTH OREO FILLETS
73000,BAY SMOKEHOUSE HAKE SMOKED (VAC)
73001,NZ OYSTERS BLUFF 2ND GRADE 1DOZ
73002,NZ PRAWN KILLER WHOLE
73003,NZ RED COD FILLETS (VAC)
73004,NZ RIBALDO FILLETS (FRZ)
73005,NZ SALMON FILLET SKIN ON BONE IN (VAC)
73006,NZ LEMON FISH (RIG) DRESSED
73007,NZ NORTHERN BASTARD COD FILLETS
73008,NZ GURNARD (RED) FILLETS (FRZ)
73010,NZ BLUE MAOMAO WHOLE
73011,NZ BUTTERFLY PERCH WHOLE
73012,NZ FISH ROE (FRZ)
73013,NZ CONGER EEL WHOLE
73014,WHOLE RAW KING CRAB (PRFZ)
73015,NZ FLOUNDER FRESHWATER GUTTED (PFRZ)
73016,NZ CRABS RED WHOLE RAW
73017,NZ TUNA SKIPJACK WHOLE
73018,GREENSHELL MUSSEL MEAT RAW POT
74000,ALASKAN KING CRAB PIECES COOKED (FRZ)
74002,NZ RED BAIT WHOLE
74007,MG CRAB MUD WHOLE (PFRZ)
74023,NZ CRAYFISH WHOLE COOKED (FRZ)
74024,AU CRAYFISH WHOLE COOKED (FRZ)
74025,CL CRAYFISH WHOLE RAW (FRZ)
74026,NZ CRAYFISH WHOLE RAW (FRZ)
74039,NZ DEEP SEA COD CRUMBED FILLETS (FRZ)
74040,NZ DEEP SEA DORY CRUMBED FILLETS (FRZ)
74044,FISH CAKES CRUMBED 10S (FRZ)
74045,FISH CAKES CRUMBED 12S (FRZ)
74046,FISH CAKES CRUMBED 15S (FRZ)
74047,FISH CAKES CRUMBED 30S (FRZ)
74049,CN FISH FILLETS BATTERED (FRZ)
74051,CN FISH FILLETS CRUMBED (FRZ)
74058,NZ FLOUNDER SAND GUTTED (FRZ)
74062,CN GOLDEN POMPANO WHOLE (FRZ)
74063,NZ GURNARD CRUMBED FILLETS (FRZ)
74065,NZ HOKI FILLETS CRUMBED (FRZ)
74066,NZ HOKI FILLETS KIPPERED (FRZ)
74069,F/S CRUMBED FISH FILLETS 8S (FRZ)
74070,KINA (SEA URCHIN) 150G (FRZ)
74073,CA LOBSTER WHOLE COOKED (PFRZ) EA
74079,NEW WORLD CRUMBED FISH FILLET 10S (FRZ)
74080,NEW WORLD CRUMBED FISH FILLET 15S (FRZ)
74081,NEW WORLD CRUMBED FISH FILLET 6S (FRZ)
74082,NEW WORLD CRUMBED FISH FILLET 8S (FRZ)
74086,NZ OYSTERS PACIFIC 1/2 SHELL 12S (FRZ)
74092,F/S CRUMBED FISH FILLETS 10S (FRZ)
74093,F/S CRUMBED FISH FILLETS 15S (FRZ)
74094,F/S CRUMBED FISH FILLETS 6S (FRZ)
74096,REGAL HOT SMOKED SALMON PIECES 500G
74097,PAUA (ABALONE) MEAT (PRFZ)
74103,CN PRAWN KEBABS PLAIN (FRZ)
74106,TH PRAWN KEBABS PLAIN (FRZ)
74109,AU PRAWNS KING WHOLE COOKED LARGE (FRZ)
74112,AU PRAWNS BANANA WHOLE RAW (FRZ)
74113,CN PRAWNS VANNAMEI WHOLE RAW (FRZ)
74116,VN PRAWNS BLACK TIGER WHOLE RAW (FRZ)
74117,TH PRAWNS VANNAMEI WHOLE RAW (FRZ)
74133,CN PRAWNS VANNAMEI WHOLE CKD (FRZ)
74135,MY PRAWNS VANNAMEI WHOLE CKD (FRZ)
74136,TH PRAWNS VANNAMEI WHOLE CKD (FRZ)
74137,VN PRAWNS VANNAMEI WHOLE CKD (FRZ)
74147,MY PRAWNS VANNAMEI WHOLE RAW (FRZ)
74185,NZ SALMON WHOLE BABY
74187,TW SAURY (SANMA) PACIFIC WHOLE (FRZ)
74190,NZ SCALLOPS SHUCKED (FRZ)
74193,CN SCALLOPS SHUCKED (FRZ)
74197,NZ SNAPPER WHOLE EXPORT GRADE (FRZ)
74202,CN SQUID (CALAMARI) RINGS (FRZ)
74204,CN SQUID (CALAMARI) TUBES (FRZ)
74208,CN SQUID CRUMBED SALT/PEPPER (FRZ)
74209,MD SQUID LOLIGO WHOLE (FRZ)
74215,NZ TARAKIHI CRUMBED FILLETS (FRZ)
74218,ID WHITEBAIT (PFRZ)
74219,NZ WHITEBAIT FRITTERS (FRZ)
74220,NZ WHITEBAIT SOUTH ISLAND (FRZ)
74222,NZ WHITING CRUMBED FILLETS (FRZ)
75000,NZ ALFONSINO WHOLE
75002,NZ BARRACOUTA WHOLE
75003,NZ BLUE COD GILLED / GUTTED
75005,NZ BLUE COD WHOLE
75011,NZ BLUE MOKI WHOLE
75013,NZ BLUENOSE HEADS
75015,NZ BLUENOSE WHOLE
75022,NZ MONKFISH (STARGAZER) WHOLE
75026,NZ BUTTERFISH WHOLE
75030,NZ CARDINAL FISH WHOLE
75032,NZ KOI CARP WHOLE
75034,NZ CATFISH WHOLE
75052,CN CRABS BLUE SWIMMER WHL RAW (FRZ)
75054,NZ CRABS PADDLE WHOLE RAW (PFRZ)
75056,NZ CRABS PADDLE WHOLE RAW
75058,NZ DEEP SEA COD (RIBALDO) WHOLE
75060,NZ CONGER EEL HEADED / GUTTED
75068,NZ ELEPHANT FISH WHOLE
75072,NZ FLOUNDER SAND (DABS) GUTTED (PFRZ)
75078,NZ SAND FLOUNDER GUTTED
75082,Seafood Yellow Belly Gutted Flounder
75084,NZ FROST FISH WHOLE
75086,NZ GEMFISH WHOLE
75088,CN GOLDEN POMPANO WHOLE (PFRZ)
75090,NZ GRENADIER (RATTAIL) WHOLE
75092,NZ GURNARD (RED) WHOLE
75094,NZ GURNARD SPOTTED (JAPANESE) WHOLE
75096,NZ HAKE (WHITING) WHOLE
75100,NZ HAPUKU (GROPER) HEADS
75102,NZ HAPUKU (GROPER) WHOLE
75106,NZ HOKI WHOLE
75108,NZ JOHN DORY WHOLE
75110,NZ KAHAWAI WHOLE
75120,NZ KOHERU WHOLE
75122,NZ LEATHER JACKET (CREAMFISH) WHOLE
75124,NZ LING WHOLE
75126,NZ MACKEREL BLUE WHOLE
75128,NZ MACKEREL ENGLISH WHOLE
75130,NZ MACKEREL JACK WHOLE
75133,TW MILK FISH WHOLE (PFRZ)
75135,NZ MIRROR DORY WHOLE
75143,NZ MULLET GREY WHOLE
75147,NZ MULLET YELLOW-EYED WHOLE
75149,NZ OCTOPUS WHOLE
75151,NZ ORANGE ROUGHY WHOLE
75153,NZ PARORE (BLACK SNAPPER) WHOLE
75155,NZ PEARL (GHOST SHARK) WHOLE
75160,NZ PINK MAOMAO WHOLE
75162,NZ PIPER (GARFISH) WHOLE
75164,NZ PORAE WHOLE
75192,VN PRAWNS VANNAMEI WHOLE RAW (PFRZ)
75197,NZ RAYS BREAM WHOLE
75201,NZ RED COD WHOLE
75205,NZ RED SNAPPER WHOLE
75207,NZ RICHARDSONS BOARFISH WHOLE
75209,NZ RUBY FISH WHOLE
75213,NZ SALMON WHOLE
75215,NZ SALMON WHOLE BABY (PFRZ)
75221,NZ SCORPIONFISH WHOLE
75223,NZ SEA PERCH WHOLE
75225,NZ SILVER (PINK-FINNED) DORY WHOLE
75229,NZ SNAPPER DRESSED
75231,NZ SNAPPER GILLED / GUTTED
75233,NZ SNAPPER WHOLE
75237,NZ SOLE ENGLISH WHOLE
75241,NZ SOLE LEMON WHOLE
75247,NZ SQUID ARROW WHOLE (PFRZ)
75249,NZ SQUID ARROW WHOLE
75253,NZ BROAD SQUID WHOLE
75255,MD SQUID LOLIGO WHOLE (PFRZ)
75257,NZ TARAKIHI DRESSED
75261,NZ TREVALLY DRESSED
75263,NZ TREVALLY WHOLE
75265,NZ TRUMPETER WHOLE
75267,NZ TUNA ALBACORE WHOLE
75273,NZ WAREHOU SILVER WHOLE
75274,SALMON FILLETS SKIN ON BONE IN (FRZ)
75275,SALMON FILLETS SKIN ON BONE IN (PRFZ)
75276,NORWEGIAN SALMON STEAKS (FRZ)
75277,NORWEGIAN SALMON STEAKS (PFRZ)
77017,Seafood Scallops Jumbo Prawn Kebab 1ea
77029,NZ SALMON TAILS PRFZ
77034,HOT SMOKED SALMON
77035,AU PRAWNS BLACK TIGER WHOLE RAW (PFRZ)
77043,NZ GURNARD SKIN OFF BONE IN
77044,NZ TARAKIHI SKIN OFF BONE IN
77045,NZ SALMON FRESHWATER FRZ
77046,NZ SALMON FRESHWATER PFRZ
77050,NZ BLUE COD FILLETS FRZ
77051,NZ BLUE COD GILLED AND GUTTED PRFZ
77052,NZ BLUE COD FILLETS PRFZ
77053,CURRIED SHRIMP SALAD (T/P)
77063,Seafood Shrimp Cakes 1ea
77064,SHRIMP CAKES (T/P)
77065,SMOKED FISH SLAW (T/P)
77071,SWEET THAI CHILLI SHRIMP SALAD
77076,CURRIED SHRIMP SALAD
77622,NZ SCAMPI WHOLE XL (PRFZ)
10019,PENANG CKN CURRY/TURM RCE
10046,S/HRST PITTD KALAMATA OLV
10053,VEGETARIAN SAMOSA
10054,SAMOSA LAMB
10055,CHICKEN SAMOSA
10056,TABBOULEH SALAD
10095,R/K BCN/EGG/TOM PESTO PIE SLICE
10099,R/K SPINACH CHSE RUSTICA SLICE
10106,ROSA VEGETABLE FRITTATA
10113,ROSA BEEF LASAGNE
10114,HOLLANDAISE BACON SUPREME
10116,SEMI DRIED TOMATO
10117,ROSA PUMPKIN/FETA LASAGNE
10131,BEETROOT/FETA IQUICHE
10133,SALMON/CREAM CHEESE IQUICHE
10141,BUSH ROAD BEAN/FETA SALAD
10149,LEONARDS FLAKE BACON
10170,ITALIAN SALAME MILANO 3KG
10178,ROSA PIE BACON EGG
10254,MEYER CUMIN GOUDA
10258,PANCETTA SMOKED FLAT
10263,PANCETTA PEPPERED FLAT 1.5KG
10284,CHICKEN/DUCK LIVER PARFAIT
10289,LARDO DI CUSONA
10461,SMKD CHICKEN PASTA SALAD
10465,INSTORE PIZZA SWEET CHILLI CHICKEN XL
10469,GHIOTTI PECORINO ROMANO PDO RW
10480,INSTORE FAMILY MEAL BEEF LASAGNE COLD
10483,DELI MADE LARGE BEEF LASAGNE
10589,TERIYAKI SALMON
10687,SUNDRIED TOMATOES
10731,KRANSKY SAUSAGES PREPACKED
10922,RUSTIC BEEF ROLL
11038,ROUND BEEF PASTRAMI FILLED ROLL
11113,FARMLAND FOODS DELI ROAST BEEF RARE 6KG
11128,FRESH TO GO SALAD S/FOOD WILD RICE 1KG
11196,ROLL FILLED PROSCIUTTO
11239,SANDWICH VEGETARIAN
11266,CORTE BUONA SALAMI MILANO KG
11384,TERIYAKI CHCKN ON RICE TRYKI SCE/MAYO
11432,ITALIAN SALAMI PREPACKED
11457,GLAZED CHAMPAGNE HAM PREPACKED
11594,MEYER CHEESE CUMIN GOUDA KG
11718,HUTTONS HAM MANUKA SMOKED OVAL KG
11720,BEEF LASAGNE SLAB
11760,CHEESY POTATO BAKE PREPACKED
11784,WESTMERE PORK PIE
11799,BIRD AND BARROW CHICKN FR BREAST ROLL
11831,ROSA BEEF LASAGNE 1EA
11940,CRISPY TUNA ROLL
11941,SPICY TUNA ROLL
11942,SPICY TUNA ROLL WITH SPICY SAUCE
11943,YAKINIKU BEEF ROLL
11944,BABY TUNA BOX
11945,BEEF AND CHICKEN BOX
11946,HAKO SALMON SUSHI BOX
11947,HAKO SUSHI COMBO BOX
11948,HAKO SALMON SUSHI BEEF CHCKN ROLL BOX
11949,HAKO PRAWN AND BEEF CHICKEN ROLL BOX
11959,TEMPURA COMBO BOX
12517,HOISIN PORK BELLY
13014,GREEN PESTO PASTA SALAD KG
13016,MISO CRUNCH SALAD KG
14006,EURODELL CSABAI MILD
14010,S/O DELI ROAST LAMB
14015,S/O DELI ROAST PORK
14024,FTGO WALDORF SALAD
14040,F/FARM F/FRM CHAMPAGNE HM
14049,SOPRESSO SALAMI HOT FLAT
14054,A/BELLA L ESTATE OLV 1.6K
14064,SOPRESSO SALAMI MILD FLAT
14070,CACCIATORE SALAMI HOT
14078,EURODELL PANCETTA FLAT
14086,CACCIATORE SALAMI MILD
14100,TULSI SAG PANEER
14106,HUNGARIAN MILD SALAMI
14107,W/STONE AIRDALE
14125,W/STONE WINDSOR BLUE
14142,S/DELI SPANISH CHORIZO KG
14155,V/KERKS SALAMI DUTCH  (2)
14156,PROSCIUTTO DI PARMA
14161,VRK SALAMI PEPPERONI
14169,THAI BF/PORK SAUSAGE ROLL
14181,VRK SALAMI ITALIAN    (2)
14193,FARMLANDS COOKED BEEF TONGUE KG
14210,FARMLAND BEEF PASTRAMI
14213,F/LAND C/PRIDE SHAVED HAM(5)
14226,FARMLAND STERLING 98% FAT FREE HAM
14228,F/LAND SILVERSIDE
14236,BUTTER CHICKEN CURRY
14238,PREM H BAKE LEG HAM 98% FF
14242,LAMB KORMA CURRY
14243,TURKS CHICKEN FRANKFURTERS
14251,TURKS SMKED BREAST SQUARE
14256,BRINKS SMOKED CHICKEN BREAST TRADITIONAL
14260,BRINKS SMOKED CHICKEN TANDOORI
14265,FTGO SPICED BROCCOLI SALAD
14281,BRINKS MEATLOAF CHKN MDTRN HRBD
14287,FARMLANDS TERIYAKI PORK
14298,MAASDAM CHEESE
14304,NZ DELI RARE ROAST BEEF COOKED
14307,EURO SMOKED SPECK
14319,W/STONE CRMY HAVARTI
14323,GUZZ B/PEPPERS CRM CHEESE
14380,SERRANO SLICED
14385,FTGO ASIAN NOODLE SALAD
14387,NUTRI THAI KUMARA/CARROT SALAD
14402,FARMLAND BACON HOCKS
14411,HELLERS FRANKFURTERS
14420,NUTRI SMOKED CHICKEN PASTA SALAD
14424,GUZZARDI PITTED MIXED OLIVES
14434,MEDI MIXED OLIVES IN OIL
14455,SPEIRS HEALTHY OPTIONS SLAW
14473,VRK SALAMI DANISH     (2)
14484,TOP HAT P/C FRANKFURTERS
14490,TOP HAT P/C COCKTAIL SAUS
14491,FTGO TANGY SLAW
14500,FTGO AIOLI POTATO BACON
14502,BABY BEETROOT/FETA SALAD
14505,FTGO PREMIUM CURRIED EGG/CELERY SALAD
14509,S/ROSA TURKEY BREAST SLAB 1KG
14514,ROAST PORK BELLY
14518,HELLERS COCKTAIL SAUSAGES
14526,S/DELI SALAMI ALPINE
14531,S/DELI CONTINENTAL FRANKS
14535,S/DELI SWISS FRANKFURTERS
14538,DUTCH AIRDRIED SALAMI
14540,FTGO COLESLAW DRESSING
14544,ITALIAN AIRDRIED SALAMI
14554,FTGO GREEK SALAD
14556,FTGO POTATO AND EGG
14568,LAMB CURRY
14581,C/FOODS MUMBAI RICE
14592,FTGO BABY POTATO SALAD KG
14611,F/LAND CHAMPAGNE L/HM SEMI BL(2)
14618,FARMLANDS HAM CHICKEN LUNCHEON
14638,SANDHURST MARINATED DICED FETA
14665,TEGEL REAL CHICKEN LUNCHEON
14701,S/O SHREDDED CHICKEN
14706,COLD QUARTER CHICKEN STANDARD
14719,LEONARDS POLISH GRL SLM
14735,ANNABELLA MARINATED FETA
14780,POTATO SALAD PREPACKED
14803,ROAST LOIN PORK
14806,COLESLAW PREPACKED
14812,FTGO CAESAR SALAD
14832,W/STONE DOUBLE CREAM
14880,C/CHOICE COLESLAW
14891,C/FOODS BROCCOLINI BCN SL
15030,INSTORE PIZZA ITALIAN MEDIUM
15031,INSTORE PIZZA CHAMPAGNE HAWAIIAN MEDIUM
15034,INSTORE PIZZA CRANBRIE CHCKN MEDIUM
15036,INSTORE PIZZA GARLIC SALAMI/MROOM MEDIUM
15038,INSTORE PIZZA MEATLOVERS MEDIUM
15052,EURODELL HARISSA SPLT OLV
15072,INSTORE PIZZA GREEK VEGE XL
15076,INSTORE PIZZA CRANBRIE CHICKEN XL
15081,INSTORE PIZZA CHAMPAGNE HAWAIIAN XL
15095,INSTORE PIZZA ITALIAN XL
15096,CHICKEN/RST VEGETABLE PIE
15116,PORK/APPLE SAUSAGE ROLLS TRAY
15137,ROSA BACON AND EGG QUICHE
15184,HELLERS FREE FARMED NZ SHAVER HAM
15190,GEORGE N JOS FR CHKN BRST ROLL PEPPERED
15191,GEORGE N JOS FR CHKN BRST ROLL PLAIN
15192,FRICO GOATS CHEESE WHEEL
15193,TIBALDI CHILLI SALAMI
15234,CORTE BUONA PROSCUITTO DI PARMA DOP KG
15259,SALMON BOX
15262,BABY AVOCADO BOX
15282,DANISH HAVARTI
15386,NAPOLI ITALIAN SALAMI
15389,VENTRICINA ITALIAN SALAMI
15426,GLAZED CHAMPAGNE LEG HAM
15471,YB SUSHI CHICKEN KATSU DONBURI 1EA
15473,YB SUSHI PRAWN AND VEGE TEMPURA DONBURI
15780,TERIYAKI CHICKEN ROLL
15790,SALMON AVOCADO ROLL
15900,MEXICAN BEAN SALAD
15901,KALE SUPER SALAD
15902,PUMPKIN SALAD WITH HUMMUS
15999,RAW BROCCOLI/CAULI
16024,HEAT AND EAT CHICKEN BIRYANI
16045,CORTE BUONA PROSCIUTTO CRUDO FILO LEG
16077,PORK SPAGHETTI BOLOGNAISE MEAL
16079,THAI RED CHICKEN CURRY MEAL
16099,BUTTER CHICKEN MEAL
16171,SPEIRS C/CHOICE SALAD LOADED POTATO 1KG
16646,PORK ADOBO
18199,NZ DELI PORK BELLY HOISIN 1.5 KG
18602,INSTORE PIZZA MARGHERITA XL
19108,COOKED PORK SAUSAGES KG
19208,CHARGRILL CHICKEN
19632,CHICKEN ROLL
19670,CHICKEN CACCIATORE MEAL
39304,VEGETARIAN CROISSANT
39380,HAM STEAKS
9400989364239,DINNER RUSH CHCKN/TAGINE/HERB/NUT CSCOUS
9400989364260,DINNER RUSH MASSAMAN BEEF CURRY
9400989364277,DINNER RUSH LAMB MEATBALLS WITH PENNE
9400989364284,DINNER RUSH COCONUT CHICKEN CURRY
9400989364291,DINNER RUSH SPICED CHCKPS HALOUMI SPNACH
9400989364307,DINNER RUSH VEGAN CURRY
9400989441121,SIMPLY DINNER ONE POT TORTELLINI SOUP
9400989441138,SIMPLY DINNER LEMON CHICKEN WITH ORZO
9400989441244,SD CHICKEN PAD THAI
9400989441268,SD TERIYAKI CHICKEN RICE BOWL
9400989441817,SIMPLY DINNER FALAFEL PITA POCKETS
9400989441824,SIMPLY DINNER COTTAGE PIE
9421032560712,SD BUTTER CHICKEN
9421032560767,SD MILD THAI GREEN CURRY
9421032560828,SIMPLY DINNER CHICKEN WITH COUSCOUS
9421032560880,SIMPLY DINNER WEEKNIGHT BEEF LASAGNE
9421032561030,SIMPLY DINNER BEEF/BEAN CON CARNE
9421032561177,SD QUICK SPAGHETTI BOLOGNESE
9421032561405,SIMPLY DINNER QUICK CHICKEN STIR FRY
9421032561412,SIMPLY DINNER SOFT TACOS BEEF AND SALSA
9421032561979,SIMPLY DINNER BEEF NACHOS
9421032561986,SD HONEY SOY CHICKEN NOODLES
9421032561993,SIMPLY DINNER BEEF BURGERS WITH FRIES
9421032562006,SIMPLY DINNER PORK SATAY WITH BROWN RICE
9421032562013,SIMPLY DINNER SHAKSHUKA EGGS
9421032562037,SIMPLY DINNER PASTA TUNA BAKE
9421032562044,SD BACON CARBONARA
9421032562051,SD SWEET AND SOUR PORK
9421032562068,SIMPLY DINNER VEGGIE TORTILLA STACK
9421032562075,SIMPLY DINNER BUTTER CHICKEN ON RICE
9421032562082,SIMPLY DINNER BACON MUSHROOM CARBONARA
9421032562105,SIMPLY DINNER CHICKEN PAD THAI
9421032562112,SIMPLY DINNER HONEY SOY CHICKEN NOODLES
9421032562129,SIMPLY DINNER MILD THAI GREEN CURRY
9421032562136,SIMPLY DINNER SWEET AND SOUR PORK
9421032562235,SIMPLY DINNER GREEK MBALLS LMN DILL RICE
9421032562242,SIMPLY DINNER SPANISH CHCKN AND POTATOES
9421032562259,SIMPLY DINNER FRENCH HRB RST CHKN PILAF
9421032562266,SIMPLY DINNER CHILLI MAC AND CHEESE
9421032562273,SIMPLY DINNER CHICKEN CAESAR WRAPS
9421032562297,SIMPLY DINNER VEGGIE BUDDHA BOWL
9421032562389,SIMPLY DINNER TERIYAKI CHICKEN RICE
9421032562396,SIMPLY DINNER SPAG BOLOGNESE WITH LENTLS
9421032562402,SIMPLY DINNER BUTTER TOFU ON RICE
9421032562419,SIMPLY DINNER VEGE PAD THAI
9421904470545,DINNER RUSH C/SUCE MSSMN B/CRY W/NDL12PK
9421904470552,DINNER RUSH C/SUCE VEGAN CRY CF KALE12PK
9421904470569,DINNER RUSH C/SUCE CHKN/TAGINE 12PK
9421904470576,DINNER RUSH LMB M/BLS W/PENNE/GRLC 12PK
9421904470583,DINNER RUSH C/SUCE CCNT CHKN W/CSHW12PK
9421904470590,DINNER RUSH C/SUCE CP HALOUMI / SPI 12PK
9421906302080,SIMPLY DINNER M/K P/P BUTTER CHICKEN 6S
9421906302097,SIMPLY DINNER M/K P/P BUTTER TOFU 6S
9421906302103,SIMPLY DINNER M/K P/P CHIKEN PAD THAI 6S
9421906302110,SIMPLY DINNER M/K P/P VEGE PAD THAI 6S
9421906302127,SIMPLY DINNER KIT P/P SWEET SOUR PORK 6S
9421906302134,SIMPLY DINNER M/K P/P HONEY SOY CHKEN 6S
9421906302141,SIMPLY DINNR M/K PP MD THAI GRN CURRY 6S
9421906302158,SIMPLY DINNER M/K P/P MSHRM CARBONARA 6S
9421906302165,SIMPLY DINNER KIT P/P TERIYAKI CHIKEN 6S
9421906302172,SIMPLY DINNER KIT P/P SPAG BOLOGNESE 6S
72220,NZ HAPUKU (GROPER) FILLETS
81361,NZ PORK STIR FRY
81449,NZ CHICKEN STIR FRY
11423100000002,Farmland Roast Beef
81357,NZ PORK ROLLED
82628,NZ LAMB LEG BONE/IN VACPAC
81782,NZ LAMB LEG BUTTERFLIED (M/B)
????,Farmland Cooked Beef Tongue kg
81051,NZ BEEF TOPSIDE STEAK
81113,NZ DICED CHICKEN
82638,Butchery NZ Pork Loin Steak Boneless Skinless
81374,NZ PORK PIECES
80425,NZ PREMIUM LAMB DRUMS (M/B)
82556,MADE IN STORE SAUSAGES PORK PRIME
82532,MADE IN STORE SAUSAGES BEEF PRIME
81532,NZ LAMBS FRY SLICED
81675,NZ BEEF SCOTCH FILLET PIECE (M/B)
69584,NZ FREE RANGE PORK MINCE
82488,NZ PORK BELLY (M/B)
81435,CHICKEN DRUMSTICK MARINATED
82550,MADE IN STORE SAUSAGES LAMB PRIME
81234,NZ Premium Lamb Kebabs kg
82661,Free Range Skinless Chicken Breast kg
82303,Nz Whole Beef Sirloin kg
